5QW5y-cOtx0,CLARIFIED_PLANE
7EWYjFqgmHM,CLARIFIED_PLANE
tZIYB_ffS9g,CLARIFIED_PLANE
acC6KtHtczg,CLARIFIED_PLANE
Eu29v5jPVMU,CLARIFIED_PLANE
9QDu6wpR59o,CLARIFIED_PLANE
lKxZj_e4nhA,CLARIFIED_PLANE
MBPHU7aaklM,CLARIFIED_PLANE
jGoIVjSLC9o,CLARIFIED_PLANE
UfnVo7eGBJA,CLARIFIED_PLANE
pmQKXepA0-c,CLARIFIED_PLANE
fLgKYFvuL9k,CLARIFIED_PLANE
KEXTgvbqx6s,CAPTURED
IVgyYB1_lgc,CAPTURED
jffXuIy-iVs,CAPTURED
YOf6QBiBubY,CAPTURED
zfNq9eIO4Q8,CAPTURED
Tu4ZFSRg8Zo,CAPTURED
q4WRdE_28D0,CAPTURED
sneY4NEV9fs,CAPTURED
2WEMhpDOnsw,CAPTURED
4WBt-ozzOaQ,CAPTURED
a4WZXjJ9WSc,CAPTURED
OqVuu_JpBag,CAPTURED
5XEtDw06vkw,CAPTURED
xXxrvra9DQg,CAPTURED
LSKZrtFl47c,CAPTURED
oMFJKZMl1Po,CAPTURED
Y9slL6yLLSg,CAPTURED
nby0dYLcz8I,CAPTURED
qYs3Hf99BPQ,CAPTURED
DhEMFeo_gL8,CAPTURED
GTtDEm7Ak8c,CAPTURED
QpfVvmXBHOU,CAPTURED
D_YzcH0VsGY,CAPTURED
r9eRlVVMsFY,CAPTURED
ZP9ki_8-ZvE,CAPTURED
YNyBIOTrHyU,CAPTURED
C3BbuKNccZc,CAPTURED
5a9f0eIVhF0,CAPTURED
nrra-npYUmc,CAPTURED
np6CwvTYTAM,CAPTURED
yvXNmdfYJYY,CAPTURED
FXXhxepEsuA,CAPTURED
Zgwfw3R_Qq0,CAPTURED
03sa2Ezxuiw,CAPTURED
auirEc-W_-M,CAPTURED
TL6Iu0TzFzs,CAPTURED
bbaf3eAfyd4,CAPTURED
X_X7WE1JBRg,CAPTURED
nNXSX4vPfcg,CAPTURED
eYyWFJpVBBI,CAPTURED
aOQndPlfNhU,CAPTURED
8ujbxFtVzBM,CLARIFIED_PLANE
mydzICwDb6c,CAPTURED
abGXsagW0jo,CAPTURED
yntwf1JYnFA,CAPTURED
TScd8ha81dQ,CAPTURED
P1t4QsF1yxc,CAPTURED
NcNingch2AM,CAPTURED
w-XPlC3a2oI,CAPTURED
5hZCTc_mwOg,CAPTURED
ar9JCsiq6hs,CAPTURED
FEex8E1yDj4,CAPTURED
dyrr4eAdnhg,CAPTURED
Aq6kt7qaylw,CAPTURED
biAYfwX4bkY,CAPTURED
uz_3dSU8rQo,CAPTURED
K8Ros5RhJW4,CAPTURED
bkM-lYgAxh0,CAPTURED
0pStigyl674,CAPTURED
pLTBGuZ2KkY,CAPTURED
XRU-CjzYt_o,CLARIFIED_PLANE
58SKm5gJtcU,CAPTURED
6elnsE7T_Ws,CAPTURED
UrGO9wNP1kE,CAPTURED
eY9gpdaXW7w,CAPTURED
y5jL8KsUwaI,CAPTURED
9w0INwjTYdU,CAPTURED
Gw4zffTgcrI,CAPTURED
reR_EtTCkW4,CAPTURED
hSGt_rhu49U,CAPTURED
0hOrbnA_1JI,CAPTURED
Mxy6MVbpNhg,CAPTURED
u5z3BqECYB4,CAPTURED
